query,idx
,0
,1
,2
,3
,4
,5
,6
,7
,8
,9
we'llletwhiteslive...fornow,10
,11
,12
alternativestoyoutube,13
,14
,15
,16
,17
,18
,19
laurensoutherndetained,20
,21
captchabypass,22
,23
,24
,25
,26
,27
archivingsites,28
acopyofacopyofacopy,29
,30
,31
,32
,33
,34
,35
,36
,37
,38
,39
,40
,41
,42
imgsrc,43
,44
,45
,46
trumpnews,47
,48
,49
,50
,51
,52
,53
,54
americaninventors,55
,56
,57
,58
,59
dog,60
hitler,60
space,60
,61
christineblasey-ford-kavanaugh-senate,62
,63
,64
,65
,66
reverseimagesearch,67
,68
,69
,70
,71
,72
,73
,74
,75
,76
,77
reverseimagesearch,78
,79
,80
,81
,82
,83
,84
,85
duckduckgo,86
,87
,88
,89
,90
,91
,92
lolihentai,93
holocaustinformation,94
,95
porn,96
,97
,98
,99
,100
,101
,102
,103
,104
,105
,106
,107
,108
,109
,110
,111
,112
humanrights,113
,114
,115
新型冠状病毒,116
新型冠状病毒,117
,118
,119
,120
,121
,122
,123
,124
,125
,126
,127
,128
,129
,130
,131
,132
,133
,134
,135
,136
,137
,138
,139
,140
,141
,142
,143
,144
,145
,146
,147
,148
,149
,150
,151
traitor,152
,153
,154
,155
,156
,157
,158
,159
,160
JohnGlennfalseflag,161
nakednaziwomen,162
,163
,164
,165
,166
,167
1984,168
bigbrotheriswatchingyou,168
americaninventors,168
whitecouple,168
,169
,170
,171
,172
,173
,174
,175
,176
,177
,178
,179
,180
,181
,182
,183
,184
,185
,186
,187
,188
,189
,190
obscurestuff,191
,192
,193
,194
,195
,196
,197
herpessimplex,198
,199
,200
,201
,202
listofsearchenginealternativestogoogle,203
,204
,205
,206
,207
,208
,209
,210
,211
,212
,213
,214
,215
,216
pol,217
,218
,219
,220
,221
,222
,223
,224
,225
,226
,227
,228
,229
,230
,231
,232
,233
,234
,235
edwardsnowden,236
,237
,238
,239
,240
,241
,242
,243
,244
,245
,246
,247
,248
,249
,250
,251
,252
,253
,254
,255
,256
findingnewsarticles,257
findingimages,257
,258
,259
,260
,261
,262
,263
,264
,265
,266
,267
,268
,269
,270
,271
,272
,273
,274
,275
,276
,277
,278
,279
,280
,281
,282
,283
,284
,285
,286
,287
,288
,289
,290
,291
,292
,293
,294
,295
,296
,297
,298
,299
,300
,301
,302
,303
,304
,305
,306
,307
,308
,309
,310
,311
,312
,313
,314
,315
,316
,317
,318
,319
,320
,321
,322
,323
,324
,325
,326
,327
,328
,329
,330
,331
,332
,333
,334
,335
,336
,337
,338
,339
,340
,341
,342
,343
,344
duckduckgo,345
,346
,347
,348
,349
,350
,351
,352
,353
,354
,355
,356
,357
dancingisraelis,358
,359
mrnagenetherapy,360
oldmanhelpskidtimetravelskateboard,361
,362
,363
,364
,365
,366
,367
trsradio,368
mediaunfriendlyterms,368
,369
,370
,371
problematiccontent,372
scamdemic,372
,373
,374
,375
,376
,377
,378
,379
,380
,381
,382
,383
,384
,385
,386
blondwomenporn,387
,388
,389
europeanpeopleart,390
,391
dogpile,392
crusades,393
spain,393
,394
,395
,396
,397
,398
trump,399
bigbangtheory,400
electrons,400
protons,400
energy,400
neutrons,400
,401
,402
,403
imagesearch,404
,405
,406
,407
,408
,409
,410
americaninventors,411
dailystormer,412
,413
,414
,415
,416
,417
,418
,419
,420
,421
,422
googleyourownname,423
,424
,425
,426
,427
massacreinfrenchnightclub,428
muslimterrorattack,428
,429
,430
,431
,432
,433
,434
,435
covidvaxsideeffects,436
,437
,438
,439
,440
,441
,442
,443
,444
,445
,446
,447
,448
,449
greatreplacementmanifesto,450
christchurchmanifesto,450
odin'sspear,450
theyarebillionstechtreecalculator,451
,452
,453
,454
stormfront,455
,456
,457
,458
mars,459
,460
,461
,462
,463
,464
whytheysmelledliketheydo,465
,466
,467
,468
,469
,470
,471
torrent,472
copyrightedmaterial,472
,473
/pol/,474
,475
europeanart,476
europeanart,477
europeanhistory,477
,478
,479
,480
,481
,482
,483
,484
,485
,486
,487
,488
,489
,490
,491
,492
,493
,494
,495
,496
,497
,498
,499
,500
,501
,502
,503
,504
,505
,506
tienemensquare,507
,508
,509
,510
,511
,512
,513
,514
,515
,516
,517
,518
,519
,520
gandhi,521
,522
,523
ivermectinsellers,524
putinis,525
,526
blackpeoplecrimerate,527
,528
,529
,530
,531
,532
,533
,534
,535
,536
,537
,538
,539
,540
,541
,542
,543
porn,544
,545
,546
betterformarchery,547
hitlerwasright,547
trannieswearingbloodypanties,547
,548
,549
paininsidemyear,550
,551
,552
,553
,554
,555
,556
,557
,558
,559
,560
,561
,562
,563
,564
,565
,566
,567
,568
,569
,570
obscureanime,571
videogames,571
,572
,573
,574
,575
,576
,577
,578
,579
,580
whitewomanwithchildren,581
niggerfamilies,581
,582
,583
,584
,585
4chan,586
,587
,588
,589
,590
,591
,592
,593
,594
,595
,596
whitecoupleimagesearch,597
,598
europeanart,599
history,599
,600
,601
certainchans,602
holocaustdenial,603
,604
,605
,606
,607
,608
,609
,610
,611
,612
images,613
coalfax,614
,615
,616
,617
catholicyoungadult'yourcity',618
,619
idiot,620
,621
,622
,623
bourdainselfshotwearingsunglasses,624
,625
4chan,626
,627
,628
politicalponerology,629
,630
,631
nspropaganda,632
nationalsozialistischepropaganda,632
nationalsocialistpropaganda,632
,633
,634
,635
,636
site:www.bitchute.comhitler,637
,638
,639
,640
,641
,642
kappy'stweetfrom2018includingtheencryptedpassword,643
kappy'sunencryptedpassword,643
kappy'stweetfrom2018includingtheencryptedpassword,644
kappy'sunencryptedpassword,644
kappy'stweetfrom2018includingtheencryptedpassword,645
kappy'sunencryptedpassword,645
kappy'stweetfrom2018includingtheencryptedpassword,646
kappy'sunencryptedpassword,646
kappy'stweetfrom2018,647
kappy'sunencryptedpassword,647
,648
,649
,650
,651
,652
,653
,654
,655
,656
,657
,658
,659
,660
hunters,661
,662
toothbrush,663
,664
,665
,666
,667
,668
,669
,670
,671
tuxedopepe,672
,673
,674
,675
dontelljacksonwethoughttheywerewhite,676
,677
,678
,679
,680
,681
tiblar,682
,683
,684
,685
,686
,687
,688
,689
whiteamericanfamily,690
,691
,692
,693
,694
,695
,696
,697
,698
,699
,700
,701
,702
,703
,704
top100privacytips,705
,706
,707
earlyfootageofkenshi,708
imagesofnigger,709
,710
blackholeofcalcutta,711
,712
,713
,714
,715
,716
4chanpolcatalog,717
,718
,719
,720
,721
,722
,723
bitmapbrothersgame'z',724
dosgame'm.a.x.',724
,725
,726
,727
,728
,729
,730
,731
,732
,733
,734
findanamefromaphoto,735
alternativestojewgle,735
,736
,737
,738
4literstoquart,739
,740
,741
,742
whitewoman,743
,744
,745
,746
,747
8kun,748
,749
,750
,751
childporn,752
,753
,754
,755
,756
,757
idiot,758
4chan,759
plandemic,760
,761
,762
,763
,764
,765
,766
,767
,768
,769
,770
,771
,772
fuentes'dad,773
,774
,775
,776
politicalmemes,777
memes,777
,778
,779
,780
brave.search.com,781
,782
,783
,784
,785
,786
,787
alexjones,788
,789
,790
,791
,792
,793
,794
,795
,796
wrongthink,797
controversialvideo,797
officialdocument,797
politicallyinconvenientreport,797
popularquotefromawidelyrespectedindividual,797
kierkegaardquote,797
infoonanytopic,797
piratedcontent,797
,798
,799
,800
,801
,802
,803
,804
,805
,806
rona,807
dicyaninsite:4plebs.org,808
dicyaninsite:4plebs.org,809
,810
,811
,812
,813
,814
,815
,816
,817
,818
,819
,820
,821
,822
,823
,824
,825
,826
,827
,828
,829
imgsrc,830
,831
,832
site:drive.google.com/file/d,833
imgsrc=,833
,834
,835
googleimagesearch,836
startpage,836
duckduckgo,836
,837
,838
,839
,840
,841
,842
img.src,843
img.src!,843
,844
kurdishcrimes,845
,846
,847
cats,848
,849
,850
pizzagate,851
,852
,853
,854
,855
,856
xtopic,857
girlfriendmorningwakeupbrunettebustyteen,858
girlfriendlatinamorningsex,858
,859
,860
byrnevsclintonfoundationricocourt,861
,862
,863
,864
rhinelandbastards,865
,866
whyarejewspushing,867
,868
,869
,870
,871
,872
,873
,874
corona,875
covid,875
,876
,877
,878
,879
,880
around,881
mrna,881
,882
,883
,884
,885
gainoffunction,886
,887
,888
,889
,890
,891
,892
9/11,893
controversialresearchtopics,893
,894
,895
freeporn,896
,897
,898
muhbiolabs,899
,900
,901
/pol/,902
,903
,904
,905
websitethattalkedabouthowtheycontrolyou,906
survivalsandhowtheytrytomakeyoubelievethehurricanewasn'treal,906
,907
,908
,909
jewrelatedshit,910
,911
,912
,913
,914
stormfront,915
politicalsearches,916
,917
,918
,919
,920
,921
,922
,923
,924
,925
,926
,927
,928
,929
,930
,931
,932
,933
,934
,935
,936
,937
,938
pornographicfetishes,939
,940
,941
,942
,943
,944
,945
,946
,947
,948
,949
,950
,951
,952
,953
,954
,955
,956
,957
,958
,959
,960
whitesareshockedfromfiguringoutthey'rex%black/jewish,961
,962
,963
,964
,965
,966
,967
,968
,969
,970
,971
,972
,973
,974
,975
incels,976
niceerection,976
ihatemarkcuban,977
,978
porn,979
powerwasher,980
,981
,982
,983
,984
,985
flatearthgifs,986
,987
,988
,989
,990
,991
,992
,993
,994
,995
,996
,997
,998
holocausttattoos,999
freemoviesites,1000
,1001
,1002
,1003
,1004
,1005
ddlwarezsites,1006
,1007
,1008
,1009
,1010
,1011
,1012
,1013
24signsshe'saslut,1014
,1015
,1016
,1017
,1018
,1019
,1020
,1021
,1022
,1023
,1024
,1025
,1026
,1027
,1028
thisarticle,1029
,1030
,1031
,1032
,1033
,1034
armynationalguardkickedoutwhitesupremacist,1035
armynationalguardkickedoutwhitesupremacist,1036
imagesforanimagetomakeingimp,1037
mayemusk,1038
mayehaldeman,1038
charlesmanson,1038
,1039
,1040
,1041
whitecouples,1042
blackcouples,1042
alexjones,1042
,1043
,1044
,1045
,1046
,1047
,1048
,1049
,1050
,1051
,1052
,1053
,1054
,1055
,1056
scythianone,1057
,1058
,1059
,1060
,1061
,1062
,1063
howtohardenyourspecificoperatingsystem,1064
,1065
,1066
,1067
,1068
,1069
,1070
,1071
,1072
,1073
,1074
,1075
,1076
,1077
,1078
,1079
,1080
,1081
famousisraelimilitarycommanderinterview,1082
israelwouldlosethenextwar,1082
,1083
,1084
,1085
,1086
,1087
,1088
,1089
,1090
,1091
,1092
,1093
,1094
,1095
,1096
,1097
,1098
,1099
,1100
,1101
,1102
,1103
,1104
,1105
,1106
,1107
,1108
,1109
globohomo,1110
,1111
,1112
,1113
,1114
,1115
,1116
,1117
,1118
,1119
,1120
,1121
,1122
,1123
,1124
,1125
,1126
,1127
,1128
,1129
,1130
,1131
jewscontrol,1132
jewscontrolthemedia,1132
,1133
,1134
,1135
,1136
,1137
,1138
,1139
,1140
,1141
,1142
,1143
,1144
,1145
,1146
,1147
,1148
,1149
,1150
,1151
,1152
,1153
,1154
,1155
,1156
,1157
,1158
,1159
,1160
,1161
,1162
,1163
,1164
,1165
,1166
,1167
whitecouple,1168
,1169
,1170
,1171
,1172
,1173
,1174
,1175
,1176
zelenskyfarmlandmonsanto,1177
,1178
,1179
,1180
,1181
,1182
,1183
dancingisraelis,1184
,1185
,1186
,1187
,1188
,1189
,1190
,1191
,1192
,1193
,1194
,1195
,1196
currentthings,1197
covid,1197
storehours,1198
,1199
,1200
,1201
,1202
,1203
,1204
,1205
,1206
,1207
,1208
,1209
,1210
,1211
,1212
,1213
,1214
,1215
,1216
,1217
,1218
,1219
,1220
,1221
,1222
,1223
,1224
,1225
pfizervaccine,1226
,1227
,1228
,1229
,1230
,1231
,1232
,1233
romancatholicism,1234
orthodoxy,1234
juliusmalema,1234
,1235
,1236
,1237
,1238
,1239
,1240
,1241
,1242
,1243
